<?xml version="1.0"?>
<import xmlns="http://guidewire.com/cc/exim/import">
  <ActivityPattern public-id="devconnect:1">
    <ActivityClass>task</ActivityClass>
    <AutomatedOnly>true</AutomatedOnly>
    <Category>approval</Category>
    <ClaimLossType/>
    <ClosedClaimAvlble>false</ClosedClaimAvlble>
    <Code>vendor_requested_approval</Code>
    <Command/>
    <Description/>
    <Description_L10N_ARRAY/>
    <DocumentTemplate/>
    <EmailTemplate/>
    <EscBusCalLocPath/>
    <EscalationBusCalTag/>
    <EscalationDays/>
    <EscalationHours/>
    <EscalationInclDays/>
    <EscalationStartPt/>
    <ExternallyOwned>false</ExternallyOwned>
    <Importance>notOnCalendar</Importance>
    <Mandatory>true</Mandatory>
    <Priority>normal</Priority>
    <Recurring>false</Recurring>
    <ShortSubject/>
    <ShortSubject_L10N_ARRAY/>
    <Subject>Review and approve vendor request</Subject>
    <Subject_L10N_ARRAY/>
    <TargetBusCalLocPath/>
    <TargetBusCalTag/>
    <TargetDays>1</TargetDays>
    <TargetHours/>
    <TargetIncludeDays/>
    <TargetStartPoint/>
    <Type>approval</Type>
  </ActivityPattern>
  <ActivityPattern public-id="devconnect:2">
    <ActivityClass>task</ActivityClass>
    <AutomatedOnly>true</AutomatedOnly>
    <Category>reminder</Category>
    <ClaimLossType/>
    <ClosedClaimAvlble>false</ClosedClaimAvlble>
    <Code>dc_claim_servicing_general</Code>
    <Command/>
    <Description/>
    <Description_L10N_ARRAY/>
    <DocumentTemplate/>
    <EmailTemplate/>
    <EscBusCalLocPath/>
    <EscalationBusCalTag/>
    <EscalationDays/>
    <EscalationHours/>
    <EscalationInclDays/>
    <EscalationStartPt/>
    <ExternallyOwned>false</ExternallyOwned>
    <Importance>notOnCalendar</Importance>
    <Mandatory>true</Mandatory>
    <Priority>normal</Priority>
    <Recurring>false</Recurring>
    <ShortSubject/>
    <ShortSubject_L10N_ARRAY/>
    <Subject>Review incident assessment report</Subject>
    <Subject_L10N_ARRAY/>
    <TargetBusCalLocPath/>
    <TargetBusCalTag/>
    <TargetDays>1</TargetDays>
    <TargetHours/>
    <TargetIncludeDays/>
    <TargetStartPoint/>
    <Type>general</Type>
  </ActivityPattern>
  <ActivityPattern public-id="devconnect:3">
    <ActivityClass>task</ActivityClass>
    <AutomatedOnly>true</AutomatedOnly>
    <Category>reminder</Category>
    <ClaimLossType/>
    <ClosedClaimAvlble>false</ClosedClaimAvlble>
    <Code>dc_scoring_activity</Code>
    <Command/>
    <Description/>
    <Description_L10N_ARRAY/>
    <DocumentTemplate/>
    <EmailTemplate/>
    <EscBusCalLocPath/>
    <EscalationBusCalTag/>
    <EscalationDays/>
    <EscalationHours/>
    <EscalationInclDays/>
    <EscalationStartPt/>
    <ExternallyOwned>false</ExternallyOwned>
    <Importance>notOnCalendar</Importance>
    <Mandatory>true</Mandatory>
    <Priority>normal</Priority>
    <Recurring>false</Recurring>
    <ShortSubject/>
    <ShortSubject_L10N_ARRAY/>
    <Subject>Score Above Threshold Notification</Subject>
    <Subject_L10N_ARRAY/>
    <TargetBusCalLocPath/>
    <TargetBusCalTag/>
    <TargetDays>1</TargetDays>
    <TargetHours/>
    <TargetIncludeDays/>
    <TargetStartPoint/>
    <Type>general</Type>
  </ActivityPattern>
</import>